Province,intercept,slope
Alberta,12.6213725490196,0.590637254901961
BritishColumbia,14.0956862745098,0.488075980392157
Ontario,14.2967647058823,0.453345588235294
Quebec,13.7978431372549,0.401262254901961
